<?xml version='1.0' encoding='utf-8' standalone='yes' ?>
<map>
    <boolean name="enable_emoji_group_candidate_ui" value="true" />
    <boolean name="enable_backup_delight5_personalized_data" value="false" />
    <string name="app_completion_commit_completion_whitelist">com.google.android.apps.maps*,com.google.android.apps.gmm*,com.google.android.googlequicksearchbox*,com.google.android.apps.nexuslauncher*</string>
    <boolean name="enable_sticker_candidates" value="false" />
    <boolean name="concept_prediction_sample_emoji_by_popularity" value="true" />
    <long name="inline_suggestion_tooltip_v2_chip_max_num_shown" value="3" />
    <boolean name="enable_emoji_handwriting_deprecation_notice" value="true" />
    <long name="c2q_superpacks_manifest_version_ms" value="4" />
    <boolean name="rescore_tap_decoded_candidates" value="false" />
    <string name="speech_ondevice_locales">en-US</string>
    <boolean name="federatedc2q_inference_enabled" value="false" />
    <long name="contextual_rate_us_max_allowable_times" value="1" />
    <boolean name="enable_next_generation_hwr_support" value="true" />
    <string name="grammar_checker_manifest_uri"></string>
    <long name="enable_key_border_by_default_new_user_timestamp" value="1574150340000" />
    <float name="normal_keyboard_bottom_inch" value="0.0" />
    <boolean name="crank_trigger_decoder_inline_completion_first" value="false" />
    <long name="keycenter_offset_mode" value="0" />
    <boolean name="native_language_hint_show_overlay" value="true" />
    <boolean name="enable_multilang_next_word_prediction" value="false" />
    <string name="maestro_app_whitelist">-</string>
    <long name="pruning_max_depth_to_keep_after_pruning" value="2" />
    <boolean name="enable_handle_emoticon_for_expression_candidates" value="false" />
    <boolean name="enable_switch_to_other_ime" value="false" />
    <boolean name="enable_mdd_in_hmm" value="false" />
    <boolean name="ekho_speech_p13n_caching_enabled" value="false" />
    <string name="federatedc2q_search_lm_corpus_tag"></string>
    <long name="min_words_predicted" value="2" />
    <boolean name="enable_multiword_suggestions_from_user_history" value="false" />
    <boolean name="ja_disable_toggle_on_digit_keyboard" value="true" />
    <boolean name="enable_lang_id" value="false" />
    <boolean name="force_small_language_pack_download" value="false" />
    <boolean name="debug_service_enable_training_cache" value="false" />
    <boolean name="conv2query_extension_enabled" value="true" />
    <long name="default_profiling_freq_ms" value="0" />
    <boolean name="enable_literal_hypotheses_protection" value="true" />
    <boolean name="enable_p13n_on_nwp_tflite_engine" value="false" />
    <boolean name="higher_ranked_emoji_candidates_at_end" value="true" />
    <string name="__bytes__fst_model_params_overrides"></string>
    <float name="dominate_threshold_for_single_word_completions" value="-0.69315" />
    <boolean name="require_device_charging_for_content_cache_download" value="true" />
    <string name="__bytes__hmm_data_zh_tw">CgV6aF9UVxJ0ElBodHRwczovL3d3dy5nc3RhdGljLmNvbS9hbmRyb2lkL2tleWJvYXJkL2htbXBh&#10;Y2svMjAxODA3MDIwOC96aF9UV18yMDE4MDcwMjA4LnppcCC/55wFOhB6aF9UV18yMDE5MDEwNDA0&#10;WgcKBSIDCgEqeAFQ5M7ewgdwAA==&#10;    </string>
    <boolean name="skip_gesture_last_frame" value="false" />
    <float name="gesture_worst_align_score" value="-7.0" />
    <boolean name="enable_m2_search_box_trending_search_chips" value="false" />
    <boolean name="tv_new_abc_layout_study_enabled" value="false" />
    <boolean name="enable_mic_open_after_s3_connection" value="true" />
    <boolean name="enable_new_arabic_script_languages_handwriting_layouts" value="false" />
    <boolean name="remove_candidate_shown_as_inline" value="true" />
    <string name="tiresias_lm_personalization_supported_model_names"></string>
    <string name="delight_metadata_uri">https://www.gstatic.com/android/keyboard/dictionarypack/Thunder-normal/metadata.json</string>
    <float name="dominate_threshold_for_advantage_over_other_candidates" value="0.69315" />
    <string name="delight_apps_metadata_uri"></string>
    <boolean name="enable_clipboard_screenshot_paste" value="true" />
    <boolean name="enable_tflite_triggering_model" value="false" />
    <string name="fast_access_bar_package_name_emojis_map">{}</string>
    <float name="literal_start_penalty_relative_min" value="0.5" />
    <long name="contextual_rate_us_max_allowable_attempts" value="5" />
    <float name="multiword_threshold_for_three_words" value="0.8" />
    <boolean name="enable_sharing_link_receiver" value="true" />
    <string name="language_tags_excluded">en</string>
    <float name="disable_ac_edit_distance_offset" value="0.0" />
    <boolean name="disable_object_store_cleanup" value="false" />
    <boolean name="extends_touch_below_space" value="false" />
    <string name="tiresias_superpacks_manifest_url">https://www.gstatic.com/android/keyboard/tiresias/superpacks_manifest.20200902.json</string>
    <long name="kc_history_sample_size" value="15" />
    <long name="c2q_superpacks_manifest_version_it" value="5" />
    <long name="native_language_hint_show_search_notice_max_times" value="0" />
    <boolean name="enable_simplified_ranking" value="false" />
    <long name="expressive_concept_superpacks_manifest_version" value="2020031023" />
    <boolean name="enable_new_devanagari_script_languages_handwriting_layouts" value="true" />
    <float name="literal_start_penalty_revert_relative_step" value="0.02" />
    <long name="c2q_superpacks_manifest_version_ja" value="0" />
    <string name="curated_gif_urls">https://media.tenor.com/images/eb707bb9c16cce278309b806437de097/tenor.gif,https://media.tenor.com/images/4d4e4d1d9fe35976feea61832ba366a6/tenor.gif,https://media.tenor.com/images/bb3c1585388c76140a56243ad58516e3/tenor.gif,https://media.tenor.com/images/8cf38543eebff103df6f1ec2730a5bde/tenor.gif,https://media.tenor.com/images/f2dcaaffe29ac111df8e333221ee231b/tenor.gif,https://media.tenor.com/images/a46fb163eedac8b73fd5b37522bb6454/raw,https://media.tenor.com/images/d7e9839f7816f2e7e00833d3878c8ae6/tenor.gif,https://media.tenor.com/images/890a0f650405054b82510c83b11a4be4/tenor.gif,https://media.tenor.com/images/a625312efec75d0487d2d9cbaa44a316/tenor.gif,https://media.tenor.com/images/323334b2a3d448b296bb813b25c12b96/tenor.gif,https://media.tenor.com/images/b23770782dd10e41d1efb2547ed4b106/tenor.gif,https://media.tenor.com/images/3579c2ea87dab612331fe6642cf72bc5/tenor.gif,https://media.tenor.com/images/053f4becdb91f78b78ef1f420686f971/tenor.gif,https://media.tenor.com/images/f5fafa9023d2ca0242e565cca321575a/tenor.gif,https://media.tenor.com/images/e3067445e4adae8bbf4eebf5c5e70582/tenor.gif,https://media.tenor.com/images/e1568d1a9cd6112b64757319c8130b67/tenor.gif,https://media.tenor.com/images/72d6a1ee3601e07ac0e0f6e446fb1070/tenor.gif,https://media.tenor.com/images/9f325db2402a93c645f802811a17e04d/tenor.gif,https://media.tenor.com/images/bd1569bb2d1a85780cfd2386d5333072/tenor.gif</string>
    <string name="fast_access_bar_enabled_keyboard_types">prime,digit,symbol,alphabet_qwerty,alphabet_12keys,tri_state_digit,clipboard,text_editing</string>
    <boolean name="enable_delight5_abort_composing_fix" value="true" />
    <long name="max_emoji_shortcut_candidates" value="2" />
    <string name="enable_tenor_trending_search_term_for_language_tags">en</string>
    <float name="default_lm_score_for_emoji_key" value="-1.0" />
    <boolean name="enable_inline_suggestions_on_decoder_side" value="false" />
    <boolean name="enable_proactive_gif_categories_with_icon" value="true" />
    <long name="screen_reader_min_version_for_lift_to_type" value="60105832" />
    <boolean name="enable_short_content_suggestion_strip" value="true" />
    <string name="federatedc2q_corpus_tag"></string>
    <long name="input_area_bottom_gap_dp" value="0" />
    <long name="input_area_bottom_gap_new_user_timestamp" value="0" />
    <long name="c2q_superpacks_manifest_version_fr" value="5" />
    <float name="literals_start_penalty_in_email_input_box" value="3.0" />
    <long name="search_hint_start_delay_hours" value="168" />
    <boolean name="enable_rule_based_concept_prediction" value="true" />
    <boolean name="enable_keyboard_redesign" value="true" />
    <string name="sticker_pack_similarity_superpacks_manifest_url">https://www.gstatic.com/android/keyboard/modelpack/expression_item_similarity/pack_20200812/superpacks_manifest.json</string>
    <boolean name="enable_expressive_concept_model" value="true" />
    <boolean name="enable_universal_media_more_emoji_btn" value="false" />
    <boolean name="enable_mwp_tflite_engine" value="false" />
    <float name="kc_keycenter_offset_weight" value="0.5" />
    <boolean name="enable_voice_in_japanese" value="true" />
    <long name="emoji_predictor_min_supported_version" value="20190717" />
    <string name="apps_to_respect_type_text_flag_no_suggestions">com.google.android.apps.searchlite</string>
    <long name="lens_minimum_agsa_version_code" value="301103376" />
    <long name="ondevice_dictation_performance_evaluation_version" value="20200622" />
    <boolean name="enable_joystick_delete" value="false" />
    <boolean name="lstm_training_federation_enabled" value="true" />
    <long name="voice_donation_consent_version" value="1" />
    <string name="crank_inline_suggestion_language_tags">en-US</string>
    <boolean name="supports_battery_saver_theme" value="false" />
    <long name="branding_fadeout_delay_ms" value="900" />
    <string name="auto_start_voice_app_whitelist">com.google.android.apps.inputmethod.inputboxes</string>
    <boolean name="enable_magic_g" value="true" />
    <long name="core_typing_experience_indicator_completion_delayed_millis" value="500" />
    <boolean name="enable_dynamic_candidate_partitioning" value="false" />
    <long name="concept_prediction_num_query_predictions" value="2" />
    <string name="enable_magic_g_locales">de,fr,it,ms,ta</string>
    <boolean name="log_all_sticker_shares_to_training_cache" value="true" />
    <boolean name="support_one_word_map_to_multiple_original_spans" value="false" />
    <boolean name="enable_bitmoji_fullsize_webp_thumbnail" value="false" />
    <string name="lang_id_superpacks_manifest_uri">https://www.gstatic.com/android/keyboard/langid/20191018/superpacks_manifest.json</string>
    <boolean name="primes_dir_stats_logging_enabled" value="false" />
    <long name="num_of_first_key_correction_predictions" value="0" />
    <boolean name="use_ogg_opus_encoder" value="false" />
    <boolean name="enable_multiword_suggestions_as_inline_from_crank_transformer" value="false" />
    <string name="enabled_sticker_search_locales">ar,de,en,es,fr,hi-IN,hi-Latn,id,it,ja,ko,nl,pl,pt,ru,th,tr,zh-CN,zh-HK,zh-TW</string>
    <float name="key_gaussian_width_multiplier_for_spacebar" value="-1.0" />
    <string name="country_cutout_switches_fl_v2">US,USA,840,CA,CAN,124,BR,BRA,076,ID,IDN,360,AU,AUS,036,MX,MEX,484,NG,NGA,566,AR,ARG,032,ES,ESP,724,CO,COL,170,PE,PER,604,CL,CHL,152,GT,GTM,320,VE,VEN,862,EC,ECU,218,IN,IND,356</string>
    <float name="key_center_offset_scale" value="0.0" />
    <boolean name="use_keyboard_redesign_theme_by_default" value="true" />
    <float name="spacebar_trigger_threshold" value="0.0" />
    <boolean name="show_branding_on_space" value="false" />
    <boolean name="require_device_idle_for_content_cache_download" value="false" />
    <boolean name="set_gif_proactive_categories_bold" value="false" />
    <boolean name="federatedc2q_brella_in_app_training_enabled" value="true" />
    <string name="enable_tenor_autocomplete_for_language_tags">en</string>
    <long name="stickers_new_release_badges_show_after_nth_open" value="0" />
    <boolean name="enable_triggering_model_for_spacebar" value="false" />
    <boolean name="enable_berber_latin_handwriting_layout" value="false" />
    <long name="mozc_superpacks_japanese_language_model_version" value="2019072209" />
    <long name="enable_higher_keyboard_by_bottom_gap_new_user_timestamp" value="0" />
    <long name="max_tolerated_webp_compress_native_crashes" value="-1" />
    <string name="pair_replace_pattern"></string>
    <long name="inline_suggestion_tooltip_v2_max_num_shown" value="1" />
    <long name="expressive_concept_min_supported_version" value="2020022000" />
    <boolean name="enable_key_correction_for_key_up" value="false" />
    <boolean name="handle_number_key_code_as_commit" value="true" />
    <boolean name="concept_prediction_enable_emoji_renderable_check" value="true" />
    <boolean name="log_word_edit_for_span_prefix_deleted" value="false" />
    <long name="candidate_merging_strategy" value="0" />
    <string name="menes_trainer_population">gboard/menes/prod/in</string>
    <boolean name="enable_logging_agsa_search_queries_to_training_cache" value="true" />
    <boolean name="enable_more_candidates_view_for_multilingual" value="true" />
    <string name="tenor_content_filter_level">medium</string>
    <float name="literal_start_penalty_relative_max" value="1.02" />
    <long name="c2q_superpacks_manifest_version_ta" value="4" />
    <long name="fast_access_bar_fixed_slot" value="5" />
    <boolean name="force_speech_language_pack_updates" value="false" />
    <boolean name="log_all_gif_shares_to_training_cache" value="true" />
    <float name="multiword_prediction_cost" value="1.4" />
    <boolean name="rescore_candidate_for_gesture" value="false" />
    <boolean name="enable_core_typing_experience_indicator_on_composing_text" value="false" />
    <boolean name="dlam_multilang_users_only" value="false" />
    <boolean name="enable_ac_trigger_predictor_with_better_literal_candidate" value="false" />
    <boolean name="clean_up_omission_cost" value="false" />
    <boolean name="ignore_word_separators_for_prediction_context" value="true" />
    <string name="enable_tenor_category_for_language_tags">ar,de,en,es,fr,hi,hu,id,it,ja,ko,ms,nl,pt,ru,th,tr,vi,zh-CN,zh-TW</string>
    <boolean name="oem_dark_theme" value="false" />
    <boolean name="less_begin_end_batch_calls" value="false" />
    <long name="number_of_emoji_recents_to_cache_content_for" value="36" />
    <long name="native_language_hint_delay" value="3" />
    <boolean name="enable_auto_float_keyboard_in_multi_window" value="false" />
    <boolean name="enable_menes_multi_trainers" value="false" />
    <float name="multiword_threshold_for_two_words" value="1.0" />
    <long name="emoji_key_ignore_time_interval_for_cjk" value="0" />
    <boolean name="handwriting_superpacks_preloading_support" value="true" />
    <float name="normal_keyboard_bottom_gap_from_screen_inch" value="0.37" />
    <string name="enable_tenor_suggested_search_term_v2_for_language_tags"></string>
    <boolean name="enable_text_to_one_tap_expressions" value="false" />
    <string name="mwp_superpacks_manifest_uri">https://www.gstatic.com/android/keyboard/multi_word_predictor/superpacks-manifest-20200424_151816.json</string>
    <string name="emoji_predictor_superpacks_manifest_uri">https://www.gstatic.com/android/keyboard/emoji_predictor/superpacks-manifest-20200212.json</string>
    <float name="federatedc2q_inference_triggering_threshold" value="-3.5" />
    <string name="lm_redirect_rule">en-US|en-IN,</string>
    <long name="core_typing_experience_indicator_delayed_millis" value="200" />
    <boolean name="use_keyboard_redesign_on_existing_theme_on_all_users" value="true" />
    <long name="emoji_key_ignore_time_interval" value="0" />
    <string name="avoid_fullscreen_mode_in_apps">-</string>
    <boolean name="disable_ac_without_literal_candidate" value="true" />
    <boolean name="allow_decode_initial_digit" value="false" />
    <boolean name="kc_enable_touch_history" value="false" />
    <boolean name="enable_handle_emoji_for_expression_candidates" value="true" />
    <boolean name="enable_link_suggestion_in_agsa" value="false" />
    <boolean name="show_clipboard_chip_after_clicked" value="true" />
    <string name="dynamic_rate_limit_scaling_strategy">EXPONENTIAL</string>
    <string name="expressive_stickers_grpc_hostname">sticker-pa.googleapis.com</string>
    <long name="dynamic_rate_limiter_max_limit_ms" value="86400000" />
    <long name="crank_max_char_num_limit" value="30" />
    <string name="avatar_stickers_metadata_version">00040801</string>
    <boolean name="fast_access_bar_enable_frequently_used" value="false" />
    <boolean name="http_client_disable_cronet_grpc" value="true" />
    <boolean name="lstm_run_listeners_in_background" value="true" />
    <string name="content_suggestion_app_whitelist">-com.facebook.katana,-com.facebook.pages.app</string>
    <long name="delight_apps_metadata_version" value="-1" />
    <boolean name="enable_variants_indicator_in_emoji_search_result" value="true" />
    <float name="ranker_additional_weight_nwp_and_other" value="0.0" />
    <string name="avatar_stickers_api_key">AIzaSyBeuEkY825uj8CHZSSO0NU6Kl67zjwHeyM</string>
    <boolean name="enable_fallback_ondevice_recognizer" value="true" />
    <boolean name="enable_tapped_key_check_in_prediction_cache" value="false" />
    <boolean name="enable_mixed_spatial_model" value="true" />
    <boolean name="delete_persisted_bad_words" value="true" />
    <boolean name="tiresias_log_training_context" value="true" />
    <boolean name="support_disable_ac_revert" value="true" />
    <long name="nwp_num_beam_width" value="10" />
    <string name="content_suggestion_tenor_collection_url_param">emoji_kitchen_v5</string>
    <boolean name="enable_single_word_suggestions_as_inline_from_crank_transformer" value="false" />
    <boolean name="support_reject_post_correction" value="false" />
    <long name="c2q_superpacks_manifest_version_pt" value="5" />
    <boolean name="force_autocorrection_in_agsa" value="false" />
    <boolean name="enable_voice_donation_flow" value="true" />
    <long name="inline_suggestion_tooltip_max_num_shown" value="3" />
    <long name="max_feature_header_pack_impressions" value="5" />
    <boolean name="enable_inline_suggestions_on_client_side" value="false" />
    <string name="pair_replace_penalty"></string>
    <long name="extends_touch_below_space_height" value="0" />
    <boolean name="spellchecker_always_show_suggestions" value="true" />
    <long name="c2q_pill_popup_rate_limit_ms" value="1000" />
    <long name="show_branding_interval_seconds" value="86400000" />
    <float name="mwp_threshold_score" value="0.68" />
    <boolean name="enable_contextual_bitmoji_query_provider" value="false" />
    <boolean name="enable_expression_candidate_precaching_for_bitmoji" value="true" />
    <long name="key_correction_tflite_model_superpacks_manifest_version" value="2020082801" />
    <boolean name="minimize_emoji_category_height" value="true" />
    <long name="max_candidates_to_log_decoder_ids" value="3" />
    <string name="emoji_compat_app_whitelist">com.facebook.katana,com.facebook.orca,com.google.android.apps.messaging,com.whatsapp</string>
    <long name="mwp_min_supported_version" value="20190725" />
    <long name="min_cooldown_rejected_feature_header_pack_millis" value="86400000" />
    <float name="concept_prediction_neutral_triggering_weight" value="1.0" />
    <boolean name="hide_offline_speech_recognition" value="true" />
    <boolean name="hide_suggestions_in_opa" value="true" />
    <boolean name="dlam_training_enabled" value="false" />
    <boolean name="nga_enable_firstrun_flow" value="true" />
    <float name="threshold_for_candidates_from_user_history" value="-2.0" />
    <boolean name="enable_expression_content_cache" value="true" />
    <float name="literal_start_penalty_any_autocor_relative_step" value="0.0033333" />
    <boolean name="enable_full_backup_content" value="false" />
    <boolean name="enable_core_typing_experience_indicator_on_candidates" value="false" />
    <long name="expressive_concept_triggering_superpacks_manifest_version" value="2020112917" />
    <string name="__bytes__hmm_data_zh_cn">CgV6aF9DThJ0ElBodHRwczovL3d3dy5nc3RhdGljLmNvbS9hbmRyb2lkL2tleWJvYXJkL2htbXBh&#10;Y2svMjAxOTA4MjAwOS96aF9DTl8yMDE5MDgyMDA5LnppcCCm0pkEOhB6aF9DTl8yMDE5MDgyMDA5&#10;WgcKBSIDCgEqeAFQmf7iwgdwAA==&#10;    </string>
    <string name="delight_overrides_metadata_uri"></string>
    <long name="minimum_bitmoji_content_provider_api_version" value="1083004694" />
    <string name="expressive_stickers_metadata_version">1000027</string>
    <boolean name="enable_email_provider_completion" value="false" />
    <float name="punctuation_prediction_penalty" value="0.8" />
    <boolean name="disable_ac_on_manual_capitalized_words" value="false" />
    <boolean name="override_literal_penalties_in_email_input_box" value="false" />
    <string name="expressive_concept_triggering_supported_language_tags">en,es,pt</string>
    <string name="conv2query_extension_locales">de,fr,it,ms,ta</string>
    <string name="dynamic_rate_limit_candidate_types">GIF_SEARCHABLE_TEXT,EXPRESSION_SEARCHABLE_TEXT</string>
    <string name="s3_asr_language_tags_list">af,am,ar-ae,ar-bh,ar-dz,ar-eg,ar-iq,ar-ly,ar-ma,ar-mr,ar-om,ar-sa,ar-sd,ar-td,ar-tn,ar-x-levant,ar-ye,az-az,bg,bn-bd,bn-in,bn-latn,bs,ca,ca-xq,cs,da,de-at,de-be,de-ch,de-de,de-lu,el-cy,el-gr,en-au,en-ca,en-gb,en-in,en-ke,en-ng,en-ph,en-us,en-za,es-419,es-ar,es-es,es-mx,es-us,et-ee,eu-es,fa,fi,fr-002,fr-be,fr-ca,fr-ch,fr-fr,gl-es,gu-in,gu-latn,hi-in,hi-latn,hr,hu,hy-am,in,is,it-ch,it-it,iw-il,ja-jp,jv-latn,ka-ge,kk,km-kh,kn-in,kn-latn,ko,lo-la,lt,lv,mk,ml-in,ml-latn,mn-mn,mr-in,mr-latn,ms-bn,ms-my,ms-sg,my,nb,ne-in,ne-latn,ne-np,nl-be,nl-nl,pa-guru,pa-latn,pl,pt-002,pt-ao,pt-br,pt-mo,pt-pt,ro-md,ro-ro,ru-by,ru-kg,ru-ru,si-lk,sk,sl,sq-x-standard,sr-latn-rs,srp-latn-me,su-latn,sv-fi,sv-se,sw,ta-in,ta-latn,ta-lk,ta-sg,te-in,te-latn,th-th,tl,tr-cy,tr-tr,uk,ur-in,ur-latn,ur-pk,uz-latn,vi,zh-cn,zh-hk,zh-tw,zu</string>
    <string name="multiword_candidate_language_tags">en-US</string>
    <boolean name="enable_handle_bitmoji_for_expression_candidates" value="true" />
    <float name="enable_higher_keyboard_max_system_bottom_gap_inch" value="0.0" />
    <boolean name="enable_handle_concept_for_expression_candidates" value="false" />
    <string name="lstm_federated_training_population">gboard/language_model/impossible</string>
    <long name="gesture_handle_unknown_action_strategy" value="1" />
    <long name="limit_gif_search_query_suggestion" value="2" />
    <boolean name="fast_access_bar_enable_designated_variant" value="true" />
    <boolean name="tv_new_layout_study_enabled" value="false" />
    <float name="fast_access_bar_variant_size_ratio" value="1.5" />
    <long name="tenor_max_sentence_word_num" value="5" />
    <long name="delight_latest_metadata_version" value="2021030200" />
    <boolean name="enable_delphi" value="true" />
    <long name="featured_recommendations_max_recommended" value="4" />
    <boolean name="prioritize_popular_category_in_bitmoji_tab" value="false" />
    <boolean name="enable_emoji_to_expression_tappable_ui" value="true" />
    <boolean name="enable_sponsored_gif_campaign_manager_reporting" value="false" />
    <float name="multiword_threshold_score" value="3.0" />
    <boolean name="enable_dynamic_rate_limiter" value="false" />
    <boolean name="enable_auto_submit_fake_app_completion" value="false" />
    <boolean name="tiresias_training_log_tf_error_messages" value="true" />
    <boolean name="log_coalesced_spans_before_reset" value="false" />
    <boolean name="dynamic_rate_limit_store_impressions_in_preferences" value="true" />
    <long name="device_intelligence_min_gms_version_supported" value="203012000" />
    <long name="tiresias_training_minimum_sessions" value="1" />
    <long name="emojipickerv2_columns" value="9" />
    <boolean name="enable_bitmoji_alley_oop" value="true" />
    <long name="timer_default_sample_rate" value="500" />
    <string name="key_locale_cutout_switches_lm">en-US,pt-BR,in-ID,en-AU,es-MX,en-NG,en-CA,es-AR</string>
    <boolean name="spellchecker_enable_rule_trigger" value="false" />
    <long name="sharing_notice_max_display_times" value="0" />
    <string name="__bytes__inline_suggestion_app_to_right_boundary_ratio">CiwKIGNvbS5nb29nbGUuYW5kcm9pZC5hcHBzLmR5bmFtaXRlFUjhej8dMzNzPwolChdjb20uZ29v&#10;Z2xlLmFuZHJvaWQudGFsaxVI4Xo/HTMzcz8gDwodChFjb20uZmFjZWJvb2sub3JjYRWamVk/HRSu&#10;Rz8KGgoMY29tLndoYXRzYXBwFZqZWT8dFK5HPyASCiMKF2NvbS5nb29nbGUuYXV4ZS5jb21wb3Nl&#10;FZqZWT8dmplZPwokChZvcmcudGVsZWdyYW0ubWVzc2VuZ2VyFXsUbj8dmplZPyASCiMKFWpwLm5h&#10;dmVyLmxpbmUuYW5kcm9pZBWamVk/Hc3MTD8gDwogChJjb20uYWlyYm5iLmFuZHJvaWQVmplZPx3N&#10;zEw/IBEKKAocY29tLnZlcml6b24ubWVzc2FnaW5nLnZ6bXNncxWamVk/HRSuRz8KFwoJY29tLlNs&#10;YWNrFUjhej8d9ihcPyAPChkKC2NvbS5kaXNjb3JkFZqZWT8dMzMzPyAO&#10;    </string>
    <boolean name="enable_micore_shared_executor" value="false" />
    <float name="multiword_gesture_cost" value="5.0" />
    <long name="nwp_min_words_predicted" value="2" />
    <boolean name="enable_data_file_manager" value="true" />
    <string name="federatedc2q_prediction_model_variant">tflite_glowg_click_20190522</string>
    <float name="gesture_spatial_score_scale_decay_base" value="0.8" />
    <boolean name="enable_emoji_icon_action_color" value="false" />
    <boolean name="enable_bitmoji_sharing_api" value="false" />
    <boolean name="enable_ondevice_recognizer" value="true" />
    <boolean name="enable_bitmoji_contextual_category_icon" value="false" />
    <boolean name="enable_youtube_ime_private_options_search" value="false" />
    <boolean name="suggest_reverted_gesture" value="false" />
    <float name="space_left_sigma_y" value="0.01" />
    <boolean name="enable_heuristic_trigger_predictor" value="true" />
    <long name="c2q_pill_popup_max_rate_limit_ms" value="2592000000" />
    <boolean name="enable_backup_customized_theme" value="false" />
    <boolean name="enable_log_for_dump" value="false" />
    <long name="expression_candidates_max_bitmoji_cache_size" value="256" />
    <string name="__bytes__hmm_data_zh_hk">CgV6aF9ISxJ0ElBodHRwczovL3d3dy5nc3RhdGljLmNvbS9hbmRyb2lkL2tleWJvYXJkL2htbXBh&#10;Y2svMjAxODA3MDIwOC96aF9IS18yMDE4MDcwMjA4LnppcCDJ69UEOhB6aF9IS18yMDE5MDEwNDA0&#10;WgcKBSIDCgEqeAFQ5M7ewgdwAA==&#10;    </string>
    <boolean name="keyboard_redesign_higher_contrast" value="true" />
    <boolean name="enable_autoregressive_model" value="true" />
    <boolean name="enable_emoji_candidate_render_filter" value="true" />
    <float name="nsm_spatial_score_scale" value="0.0" />
    <float name="key_correction_default_tap_key_score" value="2.06E-9" />
    <boolean name="enable_fast_access_bar_auto_add_space" value="false" />
    <boolean name="enable_emoji_kitchen_mixing" value="true" />
    <long name="tiresias_training_period_seconds" value="3600" />
    <boolean name="enable_fallback_on_s3_connection_failure" value="true" />
    <long name="c2q_superpacks_manifest_version_en" value="20" />
    <string name="theme_indices_superpacks_manifest_url">https://www.gstatic.com/android/keyboard/modelpack/theme_indices/201903111437/superpacks_manifest.json</string>
    <boolean name="enable_multiword_suggestions" value="false" />
    <long name="min_chars_for_emoji_shortcut_secondary_key_lookup" value="1" />
    <long name="federatedc2q_training_cache_max_ttl_days" value="63" />
    <boolean name="enable_fallback_art_corpus_to_universal_media" value="false" />
    <string name="scrollable_suggestions_app_whitelist"></string>
    <long name="profiling_clockid" value="2" />
    <long name="count_threshold_for_candidates_from_user_history" value="1" />
    <float name="gesture_spatial_score_scale_decay_ratio" value="1.0" />
    <boolean name="emotion_model_enabled" value="true" />
    <boolean name="tiresias_enabled" value="false" />
    <long name="c2q_superpacks_manifest_version_es" value="8" />
    <long name="handwriting_superpacks_manifest_version" value="55" />
    <boolean name="add_featured_pack_on_sticker_share" value="true" />
    <long name="tiresias_personalization_training_period_seconds" value="21600" />
    <float name="sticker_pack_recommendations_shared_packs_weight" value="1.0" />
    <boolean name="expression_candidates_require_downloaded_bitmoji_images" value="true" />
    <boolean name="in_memory_bad_words" value="true" />
    <boolean name="phonetic_output_enabled" value="true" />
    <long name="bitmoji_max_sentence_word_num" value="20" />
    <boolean name="incrementally_initialize_oovs" value="false" />
    <string name="c2q_superpacks_manifest_url_zh_cn"></string>
    <long name="nwp_min_supported_version" value="20190717" />
    <float name="fraction_time_ratio_threshold" value="0.0" />
    <boolean name="enable_oov_deduplication" value="false" />
    <boolean name="enable_rotate_fake_app_completion" value="true" />
    <boolean name="phenotype_flag_pushed" value="false" />
    <float name="concept_prediction_incomplete_sentence_score_weight" value="1.0" />
    <string name="transposition_pair_cost"></string>
    <long name="tiresias_max_ttl_days" value="63" />
    <long name="expression_candidates_max_bitmoji_images_per_query" value="1" />
    <float name="sticker_pack_recommendations_favorited_packs_weight" value="1.0" />
    <string name="__bytes__touch_center_adaptation_settings">CAQYyAEgB0AP&#10;    </string>
    <string name="menes_multi_trainers_population">bogusPopulation</string>
    <string name="maestro_system_locale_whitelist"></string>
    <long name="c2q_superpacks_manifest_version_de" value="5" />
    <long name="theme_indices_superpacks_manifest_version" value="1" />
    <float name="language_kernel_param" value="0.25" />
    <long name="delight_latest_overrides_metadata_version" value="-1" />
    <boolean name="enable_whatsapp_sticker_webp" value="true" />
    <float name="angle_threshold" value="0.9" />
    <long name="content_cache_cached_images_ttl_hours" value="336" />
    <float name="post_correction_language_score_threshold_slope" value="-100.0" />
    <float name="key_gaussian_width_multiplier" value="1.0" />
    <boolean name="glide_use_async_url_loader" value="false" />
    <float name="gesture_end_key_align_score_scale" value="1.0" />
    <boolean name="animate_first_content_suggestion_results" value="false" />
    <boolean name="enable_voice_ellipsis" value="false" />
    <boolean name="enable_permission_overlay" value="false" />
    <boolean name="enable_auto_float_keyboard_in_landscape" value="false" />
    <long name="webp_sticker_fallback_compression_quality" value="50" />
    <boolean name="enable_user_history_predictions_as_inline_from_crank_cifg" value="false" />
    <long name="add_pending_oovs_on_create_max_ms" value="500" />
    <long name="learning_rate_for_selected_suggestion" value="1" />
    <boolean name="enable_zero_state_candidates" value="false" />
    <string name="featured_category_sticker_pack_id_override"></string>
    <float name="ranker_additional_weight_intercept_emoji" value="-0.4" />
    <long name="concept_prediction_num_predictions" value="3" />
    <boolean name="enable_multiword_predictions" value="false" />
    <boolean name="enable_migration" value="true" />
    <boolean name="fast_access_bar_enable_offboarding_tooltip" value="false" />
    <string name="enable_sticker_candidate_language_tags">en,es,pt</string>
    <boolean name="retain_emoji_shortcut_candidates_on_selection" value="true" />
    <boolean name="enable_voice_in_korean" value="true" />
    <long name="profiling_freq_ms_decode_gesture" value="0" />
    <boolean name="enable_voice_in_chinese" value="true" />
    <long name="training_process_termination_interval_millis" value="7200000" />
    <long name="user_history_learning_strategies" value="1" />
    <boolean name="enable_predictions_from_emoji_shortcuts" value="true" />
    <boolean name="load_dynamic_lm_synchronously" value="false" />
    <boolean name="crank_trigger_decoder_inline_prediction_first" value="false" />
    <boolean name="tiresias_speech_personalization_enabled" value="false" />
    <boolean name="enable_show_disabled_mic" value="true" />
    <float name="ranker_additional_penalty_decoder_static_lm_candidates" value="-4.0" />
    <long name="keycenter_sample_size" value="0" />
    <boolean name="phenotype_based_fl_status" value="false" />
    <boolean name="enable_crank_for_primary_locale_in_multilingual" value="false" />
    <float name="post_correction_language_score_threshold_offset" value="-100.0" />
    <boolean name="enable_content_suggestion_metadata_network_requests" value="true" />
    <boolean name="enable_crank_for_first_supported_locale_in_multilingual" value="true" />
    <long name="max_oov_candidate_count" value="-1" />
    <float name="dominate_threshold_for_single_word_predictions" value="-0.69315" />
    <long name="globe_key_ignore_time_interval" value="500" />
    <boolean name="enable_training_cache_metrics_processors" value="true" />
    <long name="enabled_keyboard_behavior_experiments" value="0" />
    <boolean name="enable_triggering_model" value="true" />
    <boolean name="enable_device_intelligence_source_platform" value="true" />
    <long name="crank_engine_timeout_millis" value="100" />
    <long name="repeat_key_max_time_delta" value="5000" />
    <float name="disable_ac_edit_distance_slope" value="0.0" />
    <long name="max_chinese_context_length" value="5" />
    <string name="c2q_superpacks_manifest_url_ja"></string>
    <float name="nwp_threshold_for_three_or_more_words_completions" value="-0.4" />
    <boolean name="enable_variants_indicator_in_symbols_keyboard" value="true" />
    <string name="enable_tenor_trending_term_v2_for_language_tags"></string>
    <long name="mwp_manifest_version" value="20200424" />
    <long name="training_cache_max_ttl_days" value="63" />
    <long name="wait_ic_call_timeout" value="100" />
    <boolean name="enable_migrate_to_de_storage" value="false" />
    <string name="c2q_superpacks_manifest_url_it">https://www.gstatic.com/android/keyboard/conv2query/Z/it/no-web-search/superpacks_manifest_it.zip</string>
    <boolean name="enable_inline_suggestions_tooltip_v2" value="false" />
    <boolean name="use_soda_jni_lib" value="true" />
    <boolean name="rescore_result_based_on_final_used_candidates" value="false" />
    <float name="nwp_threshold_for_two_words_completions" value="-0.4" />
    <long name="high_order_effective_count_threshold" value="0" />
    <float name="angle_diff" value="0.5" />
    <boolean name="enable_multiword_predictions_as_inline_from_crank_transformer" value="false" />
    <boolean name="enable_content_suggestion_recents" value="false" />
    <float name="nwp_threshold_for_two_words_predictions" value="-1.25" />
    <boolean name="tiresias_training_requires_idle" value="true" />
    <float name="default_replace_penalty" value="0.0" />
    <string name="emotion_model_enabled_locales">en</string>
    <float name="gesture_key_error_sigma" value="0.7" />
    <string name="c2q_superpacks_manifest_url_fr">https://www.gstatic.com/android/keyboard/conv2query/Z/fr/no-web-search/superpacks_manifest_fr.zip</string>
    <boolean name="contextual_appindexing_context_enabled" value="false" />
    <long name="heighten_bottom_row_dp" value="0" />
    <long name="time_interval_percentile" value="0" />
    <boolean name="enable_multiword_predictions_as_inline_from_crank_cifg" value="false" />
    <long name="training_process_termination_strategy" value="0" />
    <string name="speech_superpacks_manifest_url">https://dl.google.com/android/voice/gboard/en_us/ondevice_recognizer/superpacks-manifest-20200831.json</string>
    <string name="nebulae_trainer_population">gboard/nebulae/prod/starfire/india</string>
    <long name="max_latin_in_t13n_multilingual" value="2" />
    <string name="expressive_concept_triggering_superpacks_manifest_url">https://www.gstatic.com/android/keyboard/modelpack/expressive_concepts_triggering/2020112917/superpacks_manifest.json</string>
    <long name="autocorrection_disabled_candidate_type_bitmask" value="8200" />
    <boolean name="normalize_lm_score_for_nearby_key" value="false" />
    <long name="expressive_concept_emoji_predictor_max_num_words" value="50" />
    <long name="pseudo_spellchecker_mode" value="0" />
    <boolean name="enable_indexes_for_queryable_fields" value="false" />
    <boolean name="no_draw_before_ready" value="true" />
    <string name="dynamic_rate_limit_interaction_strategy">RESET</string>
    <string name="fast_access_bar_app_whitelist">com.whatsapp,com.facebook.orca,com.facebook.katana,com.facebook.lite,com.android.mms,com.google.android.apps.messaging,com.google.android.youtube,com.snapchat.android,com.verizon.messaging.vzmsgs,com.viber.voip,com.google.android.gm,com.discord</string>
    <boolean name="enable_matched_predictions_as_completions_from_crank_cifg" value="false" />
    <boolean name="enable_handle_tenor_for_expression_candidates" value="false" />
    <boolean name="enable_settings_search" value="true" />
    <boolean name="ja_omit_support_label" value="true" />
    <string name="contextual_emoji_suggestion_enabled_languages">en</string>
    <boolean name="superpacks_enable_history_trace" value="false" />
    <boolean name="enable_auto_float_keyboard_in_freeform" value="false" />
    <boolean name="emoji_keyboard_prewarm_enabled" value="false" />
    <string name="delete_character_on_content_suggestion_interaction_app_restriction">-com.google.android.gm</string>
    <long name="lang_id_manifest_version" value="20191018" />
    <float name="secondary_emoji_shortcut_candidates_score" value="-25.0" />
    <string name="federatedc2q_brella_in_app_training_population">gboard/glowg/brella/en_us</string>
    <boolean name="prevent_fallback_input_connection" value="false" />
    <string name="speech_superpacks_small_lps_manifest_url">https://dl.google.com/android/voice/gboard/terse/superpacks-manifest-small-rnnt.json</string>
    <long name="bitmoji_share_api_timeout_ms" value="8000" />
    <string name="c2q_superpacks_manifest_url_en">https://www.gstatic.com/android/keyboard/conv2query/Z/en/no-web-search/superpacks_manifest_en.zip</string>
    <boolean name="enable_soda_fallback_ondevice_recognizer" value="true" />
    <float name="min_lm_score_for_best_key_consideration" value="0.0" />
    <string name="access_points_order">sticker;gif_search;settings;translate;theme_setting;clipboard;textediting;share;one_handed;floating_keyboard;search</string>
    <boolean name="enable_correct_globe_to_neighbor_keys" value="false" />
    <boolean name="enable_voice_promo" value="false" />
    <string name="c2q_superpacks_manifest_url_es">https://www.gstatic.com/android/keyboard/conv2query/Z/es/no-web-search/superpacks_manifest_es.zip</string>
    <string name="content_cache_superpacks_manifest_url">https://www.gstatic.com/android/keyboard/modelpack/contentcache/202011201550/superpacks_manifest.json</string>
    <long name="pruning_max_chars_to_read_before_or_after_cursor" value="40" />
    <boolean name="enable_emoji_frequent_recent_switch_option" value="false" />
    <boolean name="keyboard_redesign_keep_key_padding" value="true" />
    <boolean name="enable_contextual_emoji_suggestion" value="false" />
    <long name="min_oov_candidate_frequency" value="0" />
    <boolean name="enable_single_word_predictions_as_inline_from_crank_transformer" value="false" />
    <string name="__bytes__expressive_stickers_market_config">IghwYWNrcy8yNCIIcGFja3MvMjUiDHBhY2tzLzIwMDAwMiIIcGFja3MvMjMiDHBhY2tzLzIwMDAw&#10;NTIMcGFja3MvNDI5Njk5MghwYWNrcy8yNDIIcGFja3MvMjUyCHBhY2tzLzI5MgxwYWNrcy8yMDAw&#10;MDIyDHBhY2tzLzIwMDAwMzIMcGFja3MvNjAwMjAxMgxwYWNrcy82MDAyMDIyDHBhY2tzLzc5NjAx&#10;MDIMcGFja3MvNzk2MDIwMgxwYWNrcy8yMDAwMDEyDHBhY2tzLzIwMDAwNTIMcGFja3MvNjAwMzAz&#10;MgxwYWNrcy82MDAzMDIyDHBhY2tzLzYwMDMwMTIMcGFja3MvNjAwMzA2MghwYWNrcy8yMzIMcGFj&#10;a3MvMjAwMDA0MghwYWNrcy8yNzIIcGFja3MvMzAyDHBhY2tzLzYwMDEwMTIMcGFja3MvNjAwMTAz&#10;MgxwYWNrcy82MDAxMDIyCHBhY2tzLzI2MghwYWNrcy8zMTIIcGFja3MvMjgyDHBhY2tzLzc4OTAw&#10;MTIMcGFja3MvODgwODAzMgxwYWNrcy83OTkwMjAyDHBhY2tzLzczMDcwMjIMcGFja3MvNzMwNzA0&#10;MgxwYWNrcy83OTkwMzAyDHBhY2tzLzg4MDIwMDIMcGFja3MvODgwMTk4MgxwYWNrcy84ODA4MTAy&#10;DHBhY2tzLzg4MDgwNDIMcGFja3MvMTAwMDAyMgxwYWNrcy8xMDAwMDEyDHBhY2tzLzg4MDgwMTIM&#10;cGFja3MvODgwODAyMgxwYWNrcy85OTkwMTAyDHBhY2tzLzczMDcwMzIMcGFja3MvODgwODA1Mgxw&#10;YWNrcy84ODA4MDYyDHBhY2tzLzg4MDgwODIMcGFja3MvODgwODA5MgxwYWNrcy84ODA4MDcyDHBh&#10;Y2tzLzc4OTAwNTIMcGFja3MvNzg5MDA0MgxwYWNrcy83ODkwMDIyDHBhY2tzLzc4OTAwMzIMcGFj&#10;a3MvODgwNTAyMgxwYWNrcy84ODA1MDEyB3BhY2tzLzgyDHBhY2tzLzg4MDE5NDIMcGFja3MvNzc3&#10;NjY2MgdwYWNrcy82MgdwYWNrcy8xMgdwYWNrcy8yMgdwYWNrcy80MghwYWNrcy8xMzIIcGFja3Mv&#10;MTQyCHBhY2tzLzE1MghwYWNrcy8xNjIMcGFja3MvODgwMzA4MgxwYWNrcy84ODAxOTYyDHBhY2tz&#10;Lzg4MDMwOTIMcGFja3MvNzkyMDEwMghwYWNrcy8xODIIcGFja3MvMTkyCHBhY2tzLzIwMghwYWNr&#10;cy8yMTIMcGFja3MvNTQ3NjE4MgxwYWNrcy82MDE5NDMyDHBhY2tzLzYxMzQ2ODIMcGFja3MvNzk5&#10;MDEwMgxwYWNrcy84ODA2MDEyDHBhY2tzLzg4MDE5MTIMcGFja3MvODgwMTkyMgxwYWNrcy84ODAx&#10;OTkyDHBhY2tzLzg4MDE5MzIMcGFja3MvODgwMTk1MgxwYWNrcy84ODAxOTcyDHBhY2tzLzg4MDMw&#10;MTIMcGFja3MvODgwMzAyMgxwYWNrcy84ODAzMDMyDHBhY2tzLzg4MDMwNDIMcGFja3MvODgwMzA1&#10;MgxwYWNrcy84ODAzMDcyCHBhY2tzLzEyMgxwYWNrcy84ODA0MDEyCHBhY2tzLzE3MgxwYWNrcy84&#10;ODAyMDIyB3BhY2tzLzUyB3BhY2tzLzMyB3BhY2tzLzkyDHBhY2tzLzgwNjI1ODIIcGFja3MvMjIy&#10;CHBhY2tzLzEwMgdwYWNrcy83MgxwYWNrcy85NDc5OTEyDHBhY2tzLzc5MzAxMDIMcGFja3MvNzkz&#10;MDIwMgxwYWNrcy83OTMwMzAyDHBhY2tzLzc5OTA1MDIMcGFja3MvNzk5MDYwMgxwYWNrcy83OTkw&#10;NzAyDHBhY2tzLzc5NDAxMDIMcGFja3MvNzk0MDIwMgxwYWNrcy83OTQwMzAyDHBhY2tzLzc5MTAx&#10;MDIMcGFja3MvNzkxMDIwMgxwYWNrcy83OTEwMzAyDHBhY2tzLzc3NzgxMDIMcGFja3MvNzc3ODIw&#10;MgxwYWNrcy83Nzc4MzAyDHBhY2tzLzc3Nzg0MDIMcGFja3MvNzc3ODUwMgxwYWNrcy83OTUwMTAy&#10;DHBhY2tzLzc4OTAwNjIMcGFja3MvNzc3NzAxMgxwYWNrcy83Nzc3MDIyDHBhY2tzLzc3NzcwMzIM&#10;cGFja3MvNzc3NzA0MgxwYWNrcy83Nzc3MDUyDHBhY2tzLzczMDI2NTIMcGFja3MvNzMwNzAxMgxw&#10;YWNrcy83MzA1MDEyDHBhY2tzLzczMDI2MjIMcGFja3MvNzMwMjU1MgxwYWNrcy83MzAyNTEyDHBh&#10;Y2tzLzczMDI1NjIMcGFja3MvMzY4NDc1MgxwYWNrcy83MzAyNTQyDHBhY2tzLzczMDI1OTIMcGFj&#10;a3MvNzMwMjU4MgxwYWNrcy8zNjg0NzMyDHBhY2tzLzM2ODQ3NDIMcGFja3MvMzY4NDcxMgxwYWNr&#10;cy83MzAyNTMyDHBhY2tzLzczMDI2MTIMcGFja3MvOTQ2OTkzMgxwYWNrcy85NDY5OTUyDHBhY2tz&#10;Lzk0Nzk5MDIMcGFja3MvOTQ5MTAzMgxwYWNrcy85NDkxMDQyDHBhY2tzLzk0OTEwNTIMcGFja3Mv&#10;OTQ5MTA2MgxwYWNrcy85NDkxMTAyDHBhY2tzLzk0OTEwMjIMcGFja3MvOTQ4MDA0MgxwYWNrcy85&#10;NDgwMDIyDHBhY2tzLzk0Njk5MjIMcGFja3MvOTQ5MTA5MgxwYWNrcy85NDkxMDgyDHBhY2tzLzk0&#10;ODAwMTIMcGFja3MvOTQ5MTA3MgxwYWNrcy85NDY5OTAyDHBhY2tzLzk0ODAwMzIMcGFja3MvOTQ5&#10;MDAxMgxwYWNrcy85NDY5OTEyDHBhY2tzLzk0Njk5NDIMcGFja3MvOTQ5MTAxMgxwYWNrcy85NDkw&#10;MDI6E3BhY2tzLzI3L3N0aWNrZXJzLzM6GHBhY2tzLzYwMDEwMy9zdGlja2Vycy8xMDoXcGFja3Mv&#10;NjAwMTAxL3N0aWNrZXJzLzE6FHBhY2tzLzMwL3N0aWNrZXJzLzIxOhRwYWNrcy8yOC9zdGlja2Vy&#10;cy8xNzoUcGFja3MvMjYvc3RpY2tlcnMvMTc6GHBhY2tzLzIwMDAwNC9zdGlja2Vycy8yMDoTcGFj&#10;a3MvMjMvc3RpY2tlcnMvOToTcGFja3MvMjcvc3RpY2tlcnMvMToXcGFja3MvNjAwMTAyL3N0aWNr&#10;ZXJzLzY6GHBhY2tzLzYwMDEwMy9zdGlja2Vycy8xNjoUcGFja3MvMjMvc3RpY2tlcnMvMjM=&#10;    </string>
    <boolean name="enable_key_center_bounding_box" value="false" />
    <boolean name="disable_nwp_engine_and_expression_in_search_field" value="false" />
    <boolean name="enable_scan_text_label" value="false" />
    <boolean name="enable_contextual_bitmoji_categories" value="false" />
    <float name="nwp_threshold_for_three_or_more_words_predictions" value="-1.15" />
    <boolean name="enable_grammar_checker" value="false" />
    <boolean name="enable_lens" value="false" />
    <string name="c2q_superpacks_manifest_url_de">https://www.gstatic.com/android/keyboard/conv2query/Z/de/no-web-search/superpacks_manifest_de.zip</string>
    <float name="tap_keycenter_offset_weight" value="0.0" />
    <boolean name="enable_shared_multilingual_user_history_lm" value="true" />
    <float name="kc_keycenter_variance_weight" value="0.2" />
    <boolean name="disable_ac_after_apply_combination_rule" value="true" />
    <boolean name="dlam_ignore_training_threshold" value="false" />
    <boolean name="enable_magic_g_rate_limit" value="true" />
    <long name="unified_ime_timeout" value="10000" />
    <boolean name="enable_expressive_concept_triggering_engine" value="true" />
    <boolean name="enable_feature_cards" value="false" />
    <long name="dynamic_rate_limiter_min_limit_ms" value="0" />
    <float name="sticker_pack_recommendations_favorited_packs_decay" value="0.8" />
    <boolean name="enable_browse_featured_pack" value="true" />
    <float name="gesture_first_key_align_score_scale" value="1.5" />
    <boolean name="fast_access_bar_enable_variants_popup_view" value="true" />
    <boolean name="reset_typing_latency" value="false" />
    <long name="c2q_superpacks_manifest_version_zh_cn" value="0" />
    <string name="enable_autocorrection_adaptation_locales">*</string>
    <string name="c2q_superpacks_manifest_url_pt">https://www.gstatic.com/android/keyboard/conv2query/V/pt/glowglist-no-web-search/superpacks_manifest_pt.zip</string>
    <long name="delay_to_wait_for_suggestions_before_commit_ms" value="40" />
    <boolean name="filter_bad_words_based_on_final_used_candidates" value="false" />
    <boolean name="training_cache_storage_no_buffer_for_testing" value="false" />
    <string name="federatedc2q_shared_urls_corpus_tag"></string>
    <boolean name="use_sanbox_s3_server" value="false" />
    <string name="tenor_content_filter_level_for_proactive_surfaces">high</string>
    <boolean name="use_executor_service_in_metrics" value="false" />
    <boolean name="enable_training_process_termination" value="false" />
    <string name="c2q_superpacks_manifest_url_zh_tw"></string>
    <long name="dynamic_rate_limiter_constant_add_factor_ms" value="15000" />
    <boolean name="enable_correct_emoji_to_neighbor_keys" value="false" />
    <boolean name="enable_export_decoder_state" value="false" />
    <boolean name="enable_emoji_variant_mapping_for_emoji_candidates" value="true" />
    <long name="min_char_num_limit_for_single_word_completions" value="9" />
    <boolean name="require_network_for_emoji_kitchen_mixing" value="false" />
    <long name="user_history_max_ngram_order_override" value="-1" />
    <long name="nwp_manifest_version" value="20190717" />
    <boolean name="enable_tenor_sticker_search" value="true" />
    <boolean name="enable_promotion_of_multi_term_matches_in_emoji_search" value="true" />
    <boolean name="enable_variants_indicator_in_emoji_search_filter_view" value="true" />
    <long name="add_pending_oovs_on_reset_max_ms" value="25" />
    <boolean name="training_cache_delete_obsolete_db" value="true" />
    <string name="key_throttler_extension_language_tags"></string>
    <long name="pruning_min_chars_before_cursor" value="20" />
    <long name="min_cooldown_added_feature_header_pack_millis" value="0" />
    <long name="inline_suggestion_dismiss_tooltip_delay_time_millis" value="0" />
    <long name="emoji_predictor_manifest_version" value="20200212" />
    <boolean name="enable_ondevice_auto_download" value="true" />
    <boolean name="enable_work_profile" value="false" />
    <boolean name="enable_clipboard_entity_extraction" value="false" />
    <long name="spellchecker_max_suggestion_count" value="3" />
    <boolean name="interpolate_action_up_down_coordinates_for_decode" value="false" />
    <boolean name="enable_bitmoji_fetcher" value="true" />
    <boolean name="nga_show_send_feedback_while_dictating" value="false" />
    <string name="concept_prediction_supported_language_tags">en,es,pt</string>
    <boolean name="enable_new_spellchecker" value="false" />
    <float name="default_lm_score_for_dot_key" value="-1.0" />
    <boolean name="enable_bitmoji_open_search_box" value="false" />
    <float name="default_lm_score_for_globe_key" value="-1.0" />
    <long name="contextual_rate_us_interval_rate_limit_days" value="30" />
    <boolean name="spellchecker_enable_language_trigger" value="false" />
    <long name="key_correction_speed_limit_millis" value="100" />
    <boolean name="enable_spell_check_red_underline" value="true" />
    <boolean name="enable_merged_key_gaussian_multiplier" value="false" />
    <boolean name="enable_expression_tall_view" value="true" />
    <long name="profiling_freq_ms_fetch_suggestions" value="0" />
    <string name="content_suggestion_language_tag_whitelist">*</string>
    <long name="webp_sticker_compression_quality" value="75" />
    <boolean name="track_committed_key_data" value="false" />
    <long name="input_context_lock_version" value="0" />
    <boolean name="enable_metrics_trainer" value="true" />
    <boolean name="disable_micore_trainer_code_path" value="false" />
    <long name="profiling_freq_ms_flush_personalized_data" value="0" />
    <string name="emoji_compat_version_representatives">🧑‍🦽,🥱</string>
    <boolean name="enable_sharing" value="true" />
    <boolean name="ondevice_dictation_performance_evaluation_enabled" value="false" />
    <string name="one_tap_rich_content_suggestion_query_blacklist"></string>
    <string name="bitmoji_experiment_tag"></string>
    <boolean name="enable_nwp_tflite_engine" value="false" />
    <boolean name="enable_show_browse_tab_default_once" value="false" />
    <float name="diacritic_cost_single_letter" value="6.0" />
    <boolean name="randomize_order_of_content_suggestions_from_server" value="true" />
    <boolean name="enable_bitmoji_sharing_api_from_gboard" value="true" />
    <long name="sticker_pack_recommendations_cache_seconds" value="0" />
    <long name="bitmoji_refresh_duration_hours" value="48" />
    <boolean name="use_action_down_coordinates_for_decode" value="false" />
    <boolean name="input_context_lock_cancel_wait_on_demand" value="false" />
    <string name="c2q_superpacks_manifest_url_ms">https://www.gstatic.com/android/keyboard/conv2query/Z/ms/no-web-search/superpacks_manifest_ms.zip</string>
    <boolean name="debug_service_enable_latin_basic" value="false" />
    <float name="glide_memory_cache_screens" value="0.6" />
    <long name="http_client_cache_expiration_time_in_seconds" value="86400" />
    <float name="threshold_for_single_word_predictions" value="-0.916" />
    <float name="extra_event_penalty" value="-2.0" />
    <boolean name="enable_bitmoji_sharing_api_from_bitmoji" value="false" />
    <long name="non_literal_penalty_mode" value="0" />
    <boolean name="handwriting_superpacks_enable_foreground_downloads" value="true" />
    <long name="inline_suggestion_experiment_version" value="0" />
    <long name="reduce_logging_max_candidates_to_log" value="3" />
    <boolean name="enable_nga" value="false" />
    <boolean name="enable_blacklist_for_sticker_pack_recommendation" value="true" />
    <boolean name="enable_inline_suggestions_space_tooltip" value="false" />
    <boolean name="prevent_lang_switch_if_committed_text_is_in_vocab" value="true" />
    <boolean name="enable_emoji_tall_view" value="true" />
    <boolean name="conv2query_network_status_check_enabled" value="true" />
    <boolean name="enable_sticker_pack_favorite_history_store" value="true" />
    <float name="finger_error_sigma" value="0.2" />
    <boolean name="enable_federated_learning_controls" value="true" />
    <boolean name="enable_large_emoji_suggestion" value="false" />
    <boolean name="enable_stack_trace_logging" value="false" />
    <boolean name="enable_fast_access_bar" value="true" />
    <float name="key_gaussian_height_multiplier" value="0.7" />
    <string name="app_completion_attribution"></string>
    <string name="s3_langid_languages_list">af,ar,bg,ca,cs,da,de,el,en,es,eu,fa,fi,fr,gl,hi,hr,hu,in,is,it,iw,ja,ko,lt,ms,nb,nl,pl,pt,ro,ru,sk,sl,sr,sv,th,tl,tr,uk,vi,zh,zu</string>
    <long name="min_char_num_limit_for_single_word_predictions" value="9" />
    <boolean name="reject_nontrivial_postcorrections" value="true" />
    <long name="content_cache_superpacks_manifest_version" value="2020112015" />
    <string name="hmm_superpacks_manifest_url">https://www.gstatic.com/android/keyboard/hmmpack/2021011204/metadata_2021011204.json</string>
    <boolean name="enable_emoji_predictor_tflite_engine" value="false" />
    <string name="key_correction_tflite_model_superpacks_manifest_url">https://www.gstatic.com/android/keyboard/kc_triggering_model/superpacks-manifest-20200828_154332.json</string>
    <string name="personalized_ondevice_speech_recognizer_name"></string>
    <boolean name="enable_zawgyi_style_layout" value="false" />
    <boolean name="expression_disabled_when_emoji_kb_disallowed" value="true" />
    <boolean name="native_language_hint_show_search_overlay" value="false" />
    <string name="nebulae_stable_trainer_population">gboard/nebulae/prod/latest_two_versions/india</string>
    <float name="skip_corner_score" value="0.0" />
    <long name="emoji_superpacks_manifest_version" value="20201201" />
    <boolean name="lstm_include_language_tag_by_langid" value="false" />
    <float name="search_radius_weight" value="0.3" />
    <boolean name="log_all_emoji_shares_to_training_cache" value="true" />
    <boolean name="enable_header_featured_pack" value="true" />
    <float name="post_correction_spatial_score_threshold_offset" value="-100.0" />
    <boolean name="tiresias_enable_voice_logging" value="false" />
    <long name="themed_nav_bar_style" value="2" />
    <float name="glide_bitmap_pool_screens" value="0.3" />
    <float name="query_prediction_score_threshold" value="0.873" />
    <boolean name="enable_brella_in_app_training" value="true" />
    <long name="dlam_prob_buckets_num" value="10" />
    <long name="min_stickers_in_contextual_bitmoji_packs" value="8" />
    <float name="disable_ac_nearby_substitution_cost" value="0.0" />
    <boolean name="enable_multilingual_emoji_search" value="true" />
    <long name="globe_key_ignore_time_interval_for_cjk" value="500" />
    <long name="native_language_hint_show_notice_max_times" value="3" />
    <string name="country_cutout_switches_fl">US,USA,840,CA,CAN,124,BR,BRA,076,AU,AUS,036,MX,MEX,484,NG,NGA,566,AR,ARG,032,ES,ESP,724,CO,COL,170,PE,PER,604,CL,CHL,152,GT,GTM,320,VE,VEN,862,EC,ECU,218,IN,IND,356</string>
    <boolean name="enable_spacebar_mixed_model" value="false" />
    <string name="crank_ranker_supported_language_tags">en,es,pt</string>
    <boolean name="enable_partial_commit_in_batch_edit" value="false" />
    <boolean name="enable_trainer_manager_v2" value="true" />
    <boolean name="skip_try_initialize" value="false" />
    <float name="space_right_sigma_y" value="0.012" />
    <boolean name="non_primary_carriage_return" value="false" />
    <boolean name="enable_single_word_predictions_as_inline_from_crank_cifg" value="false" />
    <string name="__bytes__tap_spatial_rescore_params"></string>
    <boolean name="enable_variants_indicator_in_universal_media" value="true" />
    <boolean name="enable_personalization_tracer" value="false" />
    <boolean name="enable_one_handed_on_large_screen" value="false" />
    <boolean name="enable_soda_ondevice_recognizer" value="true" />
    <boolean name="enable_prioritize_recent_stickers" value="false" />
    <boolean name="enable_sticker_share_usage_histogram" value="true" />
    <float name="input_area_bottom_gap_min_screen_height_inches" value="5.2" />
    <long name="pruning_num_chars_to_trigger_pruning" value="120" />
    <boolean name="federatedc2q_conv2query_candidates_enabled" value="true" />
    <boolean name="native_language_hint_by_system_locales" value="false" />
    <boolean name="primes_battery_logging_enabled" value="true" />
    <boolean name="show_clipboard_chip" value="false" />
    <float name="gesture_keycenter_offset_weight" value="0.0" />
    <boolean name="default_sticker_tab_open_to_featured_pack" value="false" />
    <boolean name="tiresias_lm_personalization_enabled" value="false" />
    <boolean name="enable_content_suggestion_in_emoji_keyboard" value="true" />
    <long name="max_chars_to_read_before_and_after_cursor" value="60" />
    <boolean name="enable_tflite_triggering_model_spacebar_only" value="false" />
    <boolean name="enable_fake_app_completion" value="false" />
    <float name="triggering_model_threshold" value="0.0" />
    <long name="federatedc2q_models_metadata_version" value="20190827" />
    <float name="threshold_for_single_word_completions" value="-8.0" />
    <boolean name="enable_normal_password_layout" value="false" />
    <boolean name="enable_inline_suggestions_tooltip" value="false" />
    <long name="bottom_row_top_gap_dp" value="0" />
    <boolean name="enable_neural_spatial_model" value="false" />
    <string name="handwriting_superpacks_manifest_url">https://dl.google.com/handwriting/models/handwriting_release.superpack_manifest.20210104.json</string>
    <float name="key_gaussian_height_multiplier_for_spacebar" value="-1.0" />
    <long name="concept_prediction_min_supported_version" value="2020032617" />
    <boolean name="enable_nebulae_stable_trainer" value="true" />
    <boolean name="enable_prioritize_recent_gifs" value="false" />
    <boolean name="enable_bounding_box_offset" value="false" />
    <string name="tenor_server_url_search_v2">https://tenor.googleapis.com/v2/search</string>
    <string name="metrics_trainer_population">bogusPopulation</string>
    <string name="concept_prediction_superpacks_manifest_url">https://www.gstatic.com/android/keyboard/modelpack/transformer_concept/2020102810/superpacks_manifest.json</string>
    <boolean name="enable_emoji_variant_preferences_backup" value="true" />
    <boolean name="skip_image_share_request_validation" value="true" />
    <string name="sharing_notice_app_whitelist">com.whatsapp,com.tencent.mm,org.telegram.messenger,com.facebook.orca,com.android.mms,com.google.android.apps.dynamite,com.google.android.apps.messaging,com.google.android.talk,com.google.android.apps.fireball,com.twitter.android,com.snapchat.android,com.verizon.messaging.vzmsgs,com.facebook.katana,com.instagram.android,com.viber.voip,jp.naver.line.android,kik.android,com.bsb.hike,com.bbm,com.skype.raider,com.facebook.lite,com.tinder,com.textra,com.zing.zalo,com.badoo.mobile,com.grindrapp.android,com.imo.android.imoim,ru.ok.android,com.jb.gosms,com.pof.android</string>
    <boolean name="enable_keyboard_context" value="true" />
    <string name="featured_browse_sticker_pack_ids_override"></string>
    <boolean name="keyboard_redesign_dark_comma" value="false" />
    <boolean name="save_non_prime_keyboard_type" value="true" />
    <long name="autocompletion_disabled_starting_at_length" value="2" />
    <boolean name="enable_open_access_points_at_zero_state" value="true" />
    <long name="num_completions_threshold" value="4" />
    <boolean name="enable_screen_reader_lift_to_type" value="true" />
    <string name="emotion_model_blacklist"></string>
    <boolean name="emotion_model_enabled_in_gif_tab" value="true" />
    <boolean name="enable_last_word_rule_based_concept_prediction" value="true" />
    <boolean name="enable_nebulae_trainer" value="true" />
    <long name="use_keyboard_redesign_theme_by_default_new_user_timestamp" value="1615190399000" />
    <long name="content_cache_download_task_delay_ms" value="0" />
    <float name="ranker_additional_weight_slope_emoji" value="0.0" />
    <float name="min_screen_height_inch_to_apply_bottom_gap" value="5.6" />
    <float name="default_sample_distance_in_key_widths" value="0.05" />
    <boolean name="enable_translate_request_throttling" value="true" />
    <boolean name="enable_emoji_suggestion_from_top_candidate" value="true" />
    <boolean name="enable_assamese_handwriting_layout" value="true" />
    <long name="prediction_branching_limit" value="1" />
    <boolean name="show_clipboard_chip_after_user_opt_in" value="true" />
    <string name="disable_magic_g_rate_limit_locales"></string>
    <string name="c2q_superpacks_manifest_url_ta">https://www.gstatic.com/android/keyboard/conv2query/Z/ta/no-web-search/superpacks_manifest_ta.zip</string>
    <string name="country_cutout_switches_dp">AT,AUT,040,BE,BEL,056,BG,BGR,100,CY,CYP,196,CZ,CZE,203,DE,DEU,276,DK,DNK,208,EE,EST,233,ES,ESP,724,FI,FIN,246,FR,FRA,250,GR,GRC,300,HR,HRV,191,HU,HUN,348,IE,IRL,372,IT,ITA,380,LT,LTU,440,LU,LUX,442,LV,LVA,428,MT,MLT,470,NL,NLD,528,PL,POL,616,PT,PRT,620,RO,ROU,642,SE,SWE,752,SI,SVN,705,SK,SVK,703,GB,GBR,826</string>
    <long name="enable_keyboard_redesign_theme_new_user_timestamp" value="1615190399000" />
    <long name="crank_min_char_num_limit" value="10" />
    <boolean name="enable_contextual_bitmoji_search_query_suggestions" value="false" />
    <boolean name="hide_reverted_gesture_candidate" value="false" />
    <long name="grammar_checker_min_sentence_length" value="0" />
    <long name="gesture_spatial_score_scale_decay_mode" value="5" />
    <boolean name="enable_twiddler_multiword_engine" value="false" />
    <string name="sharing_access_point_app_whitelist">com.whatsapp,com.tencent.mm,org.telegram.messenger,com.facebook.orca,com.android.mms,com.google.android.apps.dynamite,com.google.android.apps.messaging,com.google.android.talk,com.google.android.apps.fireball,com.twitter.android,com.snapchat.android,com.verizon.messaging.vzmsgs,com.facebook.katana,com.instagram.android,com.viber.voip,jp.naver.line.android,kik.android,com.bsb.hike,com.bbm,com.skype.raider,com.facebook.lite,com.tinder,com.textra,com.zing.zalo,com.badoo.mobile,com.grindrapp.android,com.imo.android.imoim,ru.ok.android,com.jb.gosms,com.pof.android</string>
    <boolean name="federatedc2q_conv2gif_candidates_enabled" value="true" />
    <string name="enable_tenor_sponsored_gif_for_language_tags"></string>
    <float name="dlam_language_identify_prob_threshold" value="0.3" />
    <long name="use_keyboard_redesign_on_existing_theme_new_user_timestamp" value="0" />
    <boolean name="enable_keyboard_redesign_theme" value="true" />
    <boolean name="log_typo_type_metadata" value="true" />
    <long name="clipboard_chip_max_times_to_show" value="0" />
    <long name="concept_prediction_superpacks_manifest_version" value="2020102810" />
    <long name="max_recommendation_on_browse_page" value="2" />
    <float name="nwp_local_one_step_threshold" value="-1.05" />
    <string name="nwp_superpacks_manifest_uri">https://www.gstatic.com/android/keyboard/next_word_predictor/superpacks-manifest-20190717.json</string>
    <string name="emoji_superpacks_manifest_url">https://www.gstatic.com/android/keyboard/modelpack/emoji/20201201175742/superpacks_manifest.zip</string>
    <long name="fast_access_bar_show_threshold" value="10" />
    <boolean name="enable_multiword_suggestions_as_inline_from_crank_cifg" value="false" />
    <boolean name="primes_memory_logging_enabled" value="false" />
    <boolean name="expression_candidates_allow_bitmoji_cache_network_requests" value="true" />
    <boolean name="enable_frequent_emoji_recent_Tab" value="false" />
    <long name="federatedc2q_training_cache_erasure_period_days" value="63" />
    <float name="key_gaussian_multiplier" value="1.0" />
    <boolean name="enable_voice_clear_button" value="false" />
    <string name="enable_tenor_search_v2_for_language_tags">*</string>
    <string name="one_tap_rich_content_suggestion_query_whitelist">☀️,☁️,☃️,☕,☠️,☹️,☺️,♥️,⛄,❄️,❣️,❤️,⭐,🌈,🌍,🌎,🌏,🌐,🌛,🌜,🌞,🌟,🌠,🌪️,🌭,🌲,🌵,🌶️,🌷,🌹,🌼,🍍,🍴,🍽️,🎂,🎃,🎄,🎈,🎉,🎊,🎗️,🐁,🐇,🐈,🐒,🐖,🐙,🐝,🐢,🐨,🐭,🐰,🐱,🐵,🐷,🐼,🐽,👁️,👑,👻,👽,👿,💀,💋,💌,💎,💐,💓,💔,💕,💖,💗,💘,💙,💚,💛,💜,💝,💞,💟,💤,💦,💩,💫,💯,📰,🔥,🔮,🕳️,🕶️,🕷️,🖤,😀,😁,😂,😃,😄,😅,😆,😇,😈,😉,😊,😋,😌,😍,😎,😏,😐,😑,😒,😓,😔,😕,😖,😗,😘,😙,😚,😛,😜,😝,😞,😟,😠,😡,😢,😣,😤,😥,😦,😧,😨,😩,😪,😫,😬,😭,😮,😯,😰,😱,😲,😳,😴,😵,😶,😷,😸,😹,😺,😻,😼,😽,😾,😿,🙀,🙁,🙂,🙃,🙄,🙈,🙉,🙊,🤍,🤎,🤐,🤑,🤒,🤓,🤔,🤕,🤖,🤗,🤠,🤡,🤢,🤣,🤤,🤥,🤧,🤨,🤩,🤪,🤫,🤬,🤭,🤮,🤯,🥑,🥰,🥱,🥲,🥳,🥴,🥵,🥶,🥸,🥺,🦁,🦇,🦌,🦔,🦙,🦠,🦥,🧀,🧁,🧐,🧡</string>
    <boolean name="unload_dynamic_lm_synchronously" value="false" />
    <boolean name="enable_matched_predictions_as_inline_from_crank_cifg" value="false" />
    <boolean name="improve_get_surrounding_text" value="false" />
    <string name="fast_access_bar_default_emojis">😂,😘,😁,😉,😭,🙄,❤️,👍,🙏</string>
    <boolean name="use_tenor_featured_endpoint_for_content_cache_mapping" value="true" />
    <boolean name="training_cache_enable_storage_adapter_v3" value="true" />
    <boolean name="enable_filter_image_search_results" value="true" />
    <long name="content_suggestion_metadata_ui_timeout_ms" value="2000" />
    <boolean name="filter_obscured_touch" value="false" />
    <long name="s3_connection_timeout" value="5000" />
    <boolean name="enable_popup_view_v2" value="false" />
    <long name="max_impressions_of_install_bitmoji_card" value="5" />
    <long name="max_words_predicted" value="3" />
    <float name="gesture_transposition_cost" value="0.0" />
    <float name="lattice_literals_start_penalty_in_email_input_box" value="6.0" />
    <long name="nwp_max_words_predicted" value="3" />
    <string name="mozc_superpacks_japanese_language_model_url">https://www.gstatic.com/android/keyboard/mozcpack/mozcdata/2019072209/metadata.json</string>
    <boolean name="enable_key_border_by_default" value="true" />
    <long name="tiresias_registration_interval_seconds" value="14400" />
    <string name="nwp_sanity_check_eval_superpacks_manifest_url"></string>
    <long name="ngram_language_switching_num_words_used" value="2" />
    <boolean name="enable_single_word_suggestions_as_inline_from_crank_cifg" value="false" />
    <string name="transposition_pair_pattern"></string>
    <boolean name="disable_multiword_autocompletion" value="true" />
    <boolean name="use_keyboard_redesign_on_existing_theme" value="true" />
    <string name="enable_tenor_category_v2_for_language_tags">ar,de,en,es,fr,hi,hu,id,it,ja,ko,ms,nl,pt,ru,th,tr,vi,zh-CN,zh-TW</string>
    <long name="search_hint_start_delay_hours_from_last_click" value="168" />
    <boolean name="ngram_language_switching_respect_last_word" value="false" />
    <boolean name="ignore_sentence_start_for_prediction" value="false" />
    <string name="tiresias_speech_personalization_supported_model_names"></string>
    <string name="__bytes__hmm_data_ko">CgJrbxJuEk1odHRwczovL3d3dy5nc3RhdGljLmNvbS9hbmRyb2lkL2tleWJvYXJkL2htbXBhY2sv&#10;MjAxOTA0MTEwOS9rb18yMDE5MDQxMTA5LnppcCDIvZUFOg1rb18yMDE5MDQxMTA5WgcKBSIDCgEq&#10;eAFQ1b7gwgdwAA==&#10;    </string>
    <float name="replace_frequency_weight" value="0.0" />
    <long name="search_hint_start_delay_hours_new_user" value="168" />
    <float name="concept_prediction_triggering_threshold" value="0.57" />
    <float name="min_lm_score_for_first_key" value="0.0" />
    <float name="post_correction_spatial_score_threshold_slope" value="-100.0" />
    <string name="__bytes__urgent_signals">CKvBgKYBEgIIARLTIQgBEjwIBRIFYm5fQkQaMQoV4Kam4KeB4Kan4KaX4KeB4Kay4KeLChjgprjg&#10;p43gpqTgpqjgpqbgp4Hgpp/gp4sSPAgFEgVibl9JThoxChXgpqbgp4Hgpqfgppfgp4HgprLgp4sK&#10;GOCmuOCnjeCmpOCmqOCmpuCngeCmn+CnixJDCAUSAmNzGjsKEXBvbHlrw6Fuw60gc2VtZW5lChFw&#10;b2x5a8OhbsOtIHNwZXJtYQoTcG9seWvDoW7DrSBzcGVybWF0dRIlCAUSAmRhGh0KB2tuZXBwZXQK&#10;DW3DpnJrZWxpZyBzZXgKA3BpaxLRAggFEgVlbl9BVRrFAgoMYmlzZXh1YWwgbWVuChJiaXNleHVh&#10;bCB0aHJlZXNvbWUKCmJsYWNrIGRpY2sKBGNvY2sKC2N1bm5pbGluZ3VzCgdmZWxsYXRlCghmZWxs&#10;YXRlZAoIZmVsbGF0aW8KDWdvbGRlbiBzaG93ZXIKD2ludG8gYmxhY2sgZ3V5cwoJbGFwIGRhbmNl&#10;Cg1sZXNiaWFuIGJhYmVzCg1sZXNiaWFuIGdpcmxzCg1sZXNiaWFuIHRlZW5zCgVuaWdnYQoGbmln&#10;Z2VyCgRvcmFsCg1yYWRpY2FsIGlzbGFtCg9yYWRpY2FsIGlzbGFtaWMKDnNpdCBvbiBteSBmYWNl&#10;Cg1zaXQgb24gbXkgbGFwChBzaXQgb24geW91ciBmYWNlCg9zaXQgb24geW91ciBsYXAKCnN0aWZm&#10;IGNvY2sKCnN0aWZmIGRpY2sS0QIIBRIFZW5fQ0EaxQIKDGJpc2V4dWFsIG1lbgoSYmlzZXh1YWwg&#10;dGhyZWVzb21lCgpibGFjayBkaWNrCgRjb2NrCgtjdW5uaWxpbmd1cwoHZmVsbGF0ZQoIZmVsbGF0&#10;ZWQKCGZlbGxhdGlvCg1nb2xkZW4gc2hvd2VyCg9pbnRvIGJsYWNrIGd1eXMKCWxhcCBkYW5jZQoN&#10;bGVzYmlhbiBiYWJlcwoNbGVzYmlhbiBnaXJscwoNbGVzYmlhbiB0ZWVucwoFbmlnZ2EKBm5pZ2dl&#10;cgoEb3JhbAoNcmFkaWNhbCBpc2xhbQoPcmFkaWNhbCBpc2xhbWljCg5zaXQgb24gbXkgZmFjZQoN&#10;c2l0IG9uIG15IGxhcAoQc2l0IG9uIHlvdXIgZmFjZQoPc2l0IG9uIHlvdXIgbGFwCgpzdGlmZiBj&#10;b2NrCgpzdGlmZiBkaWNrEtECCAUSBWVuX0dCGsUCCgxiaXNleHVhbCBtZW4KEmJpc2V4dWFsIHRo&#10;cmVlc29tZQoKYmxhY2sgZGljawoEY29jawoLY3VubmlsaW5ndXMKB2ZlbGxhdGUKCGZlbGxhdGVk&#10;CghmZWxsYXRpbwoNZ29sZGVuIHNob3dlcgoPaW50byBibGFjayBndXlzCglsYXAgZGFuY2UKDWxl&#10;c2JpYW4gYmFiZXMKDWxlc2JpYW4gZ2lybHMKDWxlc2JpYW4gdGVlbnMKBW5pZ2dhCgZuaWdnZXIK&#10;BG9yYWwKDXJhZGljYWwgaXNsYW0KD3JhZGljYWwgaXNsYW1pYwoOc2l0IG9uIG15IGZhY2UKDXNp&#10;dCBvbiBteSBsYXAKEHNpdCBvbiB5b3VyIGZhY2UKD3NpdCBvbiB5b3VyIGxhcAoKc3RpZmYgY29j&#10;awoKc3RpZmYgZGljaxKSAwgFEgVlbl9JThqGAwoMYmlzZXh1YWwgbWVuChJiaXNleHVhbCB0aHJl&#10;ZXNvbWUKCmJsYWNrIGRpY2sKBWNob290CgRjaHV0CgRjb2NrCgtjdW5uaWxpbmd1cwoHZmVsbGF0&#10;ZQoIZmVsbGF0ZWQKCGZlbGxhdGlvCgVnYWFuZAoEZ2FuZAoNZ29sZGVuIHNob3dlcgoPaW50byBi&#10;bGFjayBndXlzCglsYXAgZGFuY2UKDWxlc2JpYW4gYmFiZXMKDWxlc2JpYW4gZ2lybHMKDWxlc2Jp&#10;YW4gdGVlbnMKBW5pZ2dhCgZuaWdnZXIKBG9yYWwKDXJhZGljYWwgaXNsYW0KD3JhZGljYWwgaXNs&#10;YW1pYwoOc2l0IG9uIG15IGZhY2UKDXNpdCBvbiBteSBsYXAKEHNpdCBvbiB5b3VyIGZhY2UKD3Np&#10;dCBvbiB5b3VyIGxhcAoKc3RpZmYgY29jawoKc3RpZmYgZGljawoQc3VwcG9ydCBuYXJlbmRyYQoT&#10;c3VwcG9ydCBzdWJyYW1hbmlhbhLRAggFEgVlbl9LRRrFAgoMYmlzZXh1YWwgbWVuChJiaXNleHVh&#10;bCB0aHJlZXNvbWUKCmJsYWNrIGRpY2sKBGNvY2sKC2N1bm5pbGluZ3VzCgdmZWxsYXRlCghmZWxs&#10;YXRlZAoIZmVsbGF0aW8KDWdvbGRlbiBzaG93ZXIKD2ludG8gYmxhY2sgZ3V5cwoJbGFwIGRhbmNl&#10;Cg1sZXNiaWFuIGJhYmVzCg1sZXNiaWFuIGdpcmxzCg1sZXNiaWFuIHRlZW5zCgVuaWdnYQoGbmln&#10;Z2VyCgRvcmFsCg1yYWRpY2FsIGlzbGFtCg9yYWRpY2FsIGlzbGFtaWMKDnNpdCBvbiBteSBmYWNl&#10;Cg1zaXQgb24gbXkgbGFwChBzaXQgb24geW91ciBmYWNlCg9zaXQgb24geW91ciBsYXAKCnN0aWZm&#10;IGNvY2sKCnN0aWZmIGRpY2sS0QIIBRIFZW5fTkcaxQIKDGJpc2V4dWFsIG1lbgoSYmlzZXh1YWwg&#10;dGhyZWVzb21lCgpibGFjayBkaWNrCgRjb2NrCgtjdW5uaWxpbmd1cwoHZmVsbGF0ZQoIZmVsbGF0&#10;ZWQKCGZlbGxhdGlvCg1nb2xkZW4gc2hvd2VyCg9pbnRvIGJsYWNrIGd1eXMKCWxhcCBkYW5jZQoN&#10;bGVzYmlhbiBiYWJlcwoNbGVzYmlhbiBnaXJscwoNbGVzYmlhbiB0ZWVucwoFbmlnZ2EKBm5pZ2dl&#10;cgoEb3JhbAoNcmFkaWNhbCBpc2xhbQoPcmFkaWNhbCBpc2xhbWljCg5zaXQgb24gbXkgZmFjZQoN&#10;c2l0IG9uIG15IGxhcAoQc2l0IG9uIHlvdXIgZmFjZQoPc2l0IG9uIHlvdXIgbGFwCgpzdGlmZiBj&#10;b2NrCgpzdGlmZiBkaWNrEtECCAUSBWVuX1BIGsUCCgxiaXNleHVhbCBtZW4KEmJpc2V4dWFsIHRo&#10;cmVlc29tZQoKYmxhY2sgZGljawoEY29jawoLY3VubmlsaW5ndXMKB2ZlbGxhdGUKCGZlbGxhdGVk&#10;CghmZWxsYXRpbwoNZ29sZGVuIHNob3dlcgoPaW50byBibGFjayBndXlzCglsYXAgZGFuY2UKDWxl&#10;c2JpYW4gYmFiZXMKDWxlc2JpYW4gZ2lybHMKDWxlc2JpYW4gdGVlbnMKBW5pZ2dhCgZuaWdnZXIK&#10;BG9yYWwKDXJhZGljYWwgaXNsYW0KD3JhZGljYWwgaXNsYW1pYwoOc2l0IG9uIG15IGZhY2UKDXNp&#10;dCBvbiBteSBsYXAKEHNpdCBvbiB5b3VyIGZhY2UKD3NpdCBvbiB5b3VyIGxhcAoKc3RpZmYgY29j&#10;awoKc3RpZmYgZGljaxL7AggFEgVlbl9VUxrvAgoMYmlzZXh1YWwgbWVuChJiaXNleHVhbCB0aHJl&#10;ZXNvbWUKCmJsYWNrIGRpY2sKBGNvY2sKC2N1bm5pbGluZ3VzCgdmZWxsYXRlCghmZWxsYXRlZAoI&#10;ZmVsbGF0aW8KGGdsb2JhbCB3YXJtaW5nIGlzIGEgaG9heAoNZ29sZGVuIHNob3dlcgoPaW50byBi&#10;bGFjayBndXlzCglsYXAgZGFuY2UKDWxlc2JpYW4gYmFiZXMKDWxlc2JpYW4gZ2lybHMKDWxlc2Jp&#10;YW4gdGVlbnMKBW5pZ2dhCgZuaWdnZXIKBG9yYWwKDXJhZGljYWwgaXNsYW0KD3JhZGljYWwgaXNs&#10;YW1pYwoOc2hlJ3MgYSB2aXJnaW4KDnNpdCBvbiBteSBmYWNlCg1zaXQgb24gbXkgbGFwChBzaXQg&#10;b24geW91ciBmYWNlCg9zaXQgb24geW91ciBsYXAKCnN0aWZmIGNvY2sKCnN0aWZmIGRpY2sS0QII&#10;BRIFZW5fWkEaxQIKDGJpc2V4dWFsIG1lbgoSYmlzZXh1YWwgdGhyZWVzb21lCgpibGFjayBkaWNr&#10;CgRjb2NrCgtjdW5uaWxpbmd1cwoHZmVsbGF0ZQoIZmVsbGF0ZWQKCGZlbGxhdGlvCg1nb2xkZW4g&#10;c2hvd2VyCg9pbnRvIGJsYWNrIGd1eXMKCWxhcCBkYW5jZQoNbGVzYmlhbiBiYWJlcwoNbGVzYmlh&#10;biBnaXJscwoNbGVzYmlhbiB0ZWVucwoFbmlnZ2EKBm5pZ2dlcgoEb3JhbAoNcmFkaWNhbCBpc2xh&#10;bQoPcmFkaWNhbCBpc2xhbWljCg5zaXQgb24gbXkgZmFjZQoNc2l0IG9uIG15IGxhcAoQc2l0IG9u&#10;IHlvdXIgZmFjZQoPc2l0IG9uIHlvdXIgbGFwCgpzdGlmZiBjb2NrCgpzdGlmZiBkaWNrEkIIBRIG&#10;ZXNfNDE5GjYKEGN1cmFzIGFidXNhZG9yZXMKEGN1cmFzIHBlZGVyYXN0YXMKEGN1cmFzIHBlZMOz&#10;Zmlsb3MSQQgFEgVlc19BUho2ChBjdXJhcyBhYnVzYWRvcmVzChBjdXJhcyBwZWRlcmFzdGFzChBj&#10;dXJhcyBwZWTDs2ZpbG9zEkEIBRIFZXNfRVMaNgoQY3VyYXMgYWJ1c2Fkb3JlcwoQY3VyYXMgcGVk&#10;ZXJhc3RhcwoQY3VyYXMgcGVkw7NmaWxvcxJBCAUSBWVzX01YGjYKEGN1cmFzIGFidXNhZG9yZXMK&#10;EGN1cmFzIHBlZGVyYXN0YXMKEGN1cmFzIHBlZMOzZmlsb3MSQQgFEgVlc19VUxo2ChBjdXJhcyBh&#10;YnVzYWRvcmVzChBjdXJhcyBwZWRlcmFzdGFzChBjdXJhcyBwZWTDs2ZpbG9zEhwIBRIFZnJfQkUa&#10;EQoPYXZhbGUgZHUgc3Blcm1lEhwIBRIFZnJfQ0EaEQoPYXZhbGUgZHUgc3Blcm1lEhwIBRIFZnJf&#10;Q0gaEQoPYXZhbGUgZHUgc3Blcm1lEhwIBRIFZnJfRlIaEQoPYXZhbGUgZHUgc3Blcm1lEhUIBRIC&#10;aHIaDQoLdWJpaiBwZWRlcmESHggFEgJpbhoWCgpmb3RvIGJ1Z2lsCghmb3RvIGhvdBIdCAUSBWl0&#10;X0NIGhIKEGluZ29pbyBkaSBzcGVybWESHQgFEgVpdF9JVBoSChBpbmdvaW8gZGkgc3Blcm1hEh0I&#10;BRICaXcaFQoT16TXoNeV15nXlCDXnNeh16fXoRIhCAUSAnBsGhkKBWt1cnd5CgRuYWdvCgVwb3Ju&#10;bwoDc2V4Ek8IBRIFcHRfQlIaRAoJYXNzYW5oYWRhCgVkYW5kbwoSbmVncmluaGEgZGVsaWNpb3Nh&#10;CgtuZWd1aW5oYSBkYQoHbm92aW5oYQoGc2FmYWRhEhMIBRIFcm9fUk8aCAoGZnV0dXRlEigIBRIF&#10;cnVfQlkaHQob0LPQu9C+0YLQsNGC0Ywg0YHQv9C10YDQvNGDEigIBRIFcnVfS0caHQob0LPQu9C+&#10;0YLQsNGC0Ywg0YHQv9C10YDQvNGDEigIBRIFcnVfUlUaHQob0LPQu9C+0YLQsNGC0Ywg0YHQv9C1&#10;0YDQvNGDEiUIBRICdWsaHQob0LrQvtCy0YLQsNGC0Lgg0YHQv9C10YDQvNGD&#10;    </string>
    <string name="app_completions"></string>
    <boolean name="native_language_hint_by_sim_country" value="true" />
    <boolean name="enable_tenor_autocomplete_trending_type" value="true" />
    <string name="agsa_link_suggestion_mapping"></string>
    <long name="hmm_superpacks_manifest_version" value="2021011204" />
    <long name="profiling_freq_ms_parse_input_context" value="0" />
    <long name="sticker_pack_similarity_superpacks_manifest_version" value="2020081200" />
    <boolean name="call_ic_from_background" value="true" />
    <string name="expressive_stickers_http_base_url"></string>
    <long name="profiling_freq_ms_decode_touch" value="0" />
    <string name="expressive_stickers_api_key">AIzaSyBPSAFlv3zpgK1jCJhlmNwl9NoAuhL-AKc</string>
    <boolean name="enable_search_hint_in_gsa" value="false" />
    <boolean name="enable_romanized_indic_voice_promo" value="false" />
    <string name="fast_access_bar_offboarding_time_diffs_in_seconds"></string>
    <boolean name="enable_tenor_zwieback_logging" value="false" />
    <boolean name="preload_sticker_pack_similarity" value="true" />
    <boolean name="enable_handwriting_lstm" value="true" />
    <string name="emoji_predictor_supported_language_tags">en</string>
    <string name="app_completion_whitelist">com.google.android.apps.maps*,com.google.android.apps.gmm*,com.google.android.googlequicksearchbox*,com.google.android.apps.nexuslauncher*</string>
    <long name="disable_ac_capitalized_char_num_threshold" value="0" />
    <boolean name="enable_multiword_predictions_from_user_history" value="false" />
    <float name="spatial_kernel_param" value="4.0" />
    <float name="default_gesture_spatial_score_scale" value="0.8" />
    <boolean name="enable_get_bitmoji_card" value="true" />
    <boolean name="enable_matrializer_manager" value="true" />
    <float name="emotion_model_triggering_threshold" value="0.05" />
    <boolean name="use_criteria_parser_v2" value="false" />
    <boolean name="enable_voice_in_handwriting" value="true" />
    <string name="s3_experiment_recognizer_routing_key">gboard_experimental_rnnt</string>
    <boolean name="disable_secondary_lms_in_gsa" value="false" />
    <boolean name="enable_device_intelligence" value="true" />
    <long name="c2q_superpacks_manifest_version_zh_tw" value="0" />
    <boolean name="fast_access_bar_internal_dialog_enabled" value="false" />
    <string name="federatedc2q_models_metadata_uri">https://www.gstatic.com/android/keyboard/modelpack/federatedc2q/superpacks_manifest_20190827.json</string>
    <boolean name="randomize_order_of_content_suggestions_from_content_cache" value="true" />
    <float name="sticker_pack_recommendations_score_threshold" value="0.0" />
    <long name="mwp_context_length_threshold" value="1" />
    <boolean name="enable_contextual_gif_search_query_suggestion" value="true" />
    <boolean name="enable_concept_prediction_engine" value="true" />
    <string name="expressive_concept_superpacks_manifest_url">https://www.gstatic.com/android/keyboard/modelpack/expressive_concepts/2020031023/superpacks_manifest.json</string>
</map>
